accession,gene,pdb_id,method,resolution,uniprot_chains,coordinate_format,source_url,relative_path,bytes,sha256,note,deposit_date,initial_release_date,post_chai1,post_boltz2,post_protenix,post_openfold3_preview
P05177,CYP1A2,2HI4,X-ray,1.95 A,A=27-516,PDB,https://files.rcsb.org/download/2HI4.pdb,pdbs/CYP1A2/2HI4.pdb,375273,4e8b360319fd7538442bf3f381d85e214fcadd576d68d6be7171135ffd5d5009,authoritative RCSB legacy PDB file,2006-06-29T00:00:00Z,2007-02-20T00:00:00Z,false,false,false,false
P11712,CYP2C9,1OG2,X-ray,2.60 A,A/B=30-490,PDB,https://files.rcsb.org/download/1OG2.pdb,pdbs/CYP2C9/1OG2.pdb,680643,c3a31e4bdf68a5e7b318ef6181a9df257d02088ade5f948842f4bd2a2d863ee9,authoritative RCSB legacy PDB file,2003-04-23T00:00:00Z,2003-07-17T00:00:00Z,false,false,false,false
P11712,CYP2C9,1OG5,X-ray,2.55 A,A/B=30-490,PDB,https://files.rcsb.org/download/1OG5.pdb,pdbs/CYP2C9/1OG5.pdb,716121,cc9cc366f5f0a399d7399106531240933cb93424f634a5e09733e96dc5829e18,authoritative RCSB legacy PDB file,2003-04-24T00:00:00Z,2003-07-17T00:00:00Z,false,false,false,false
P11712,CYP2C9,1R9O,X-ray,2.00 A,A=18-490,PDB,https://files.rcsb.org/download/1R9O.pdb,pdbs/CYP2C9/1R9O.pdb,369765,ea680bdebcb46d536773738ddf7f9723cfbb388f62b2c1cb0acb36e4e4f58e44,authoritative RCSB legacy PDB file,2003-10-30T00:00:00Z,2004-06-15T00:00:00Z,false,false,false,false
P11712,CYP2C9,4NZ2,X-ray,2.45 A,A/B=30-490,PDB,https://files.rcsb.org/download/4NZ2.pdb,pdbs/CYP2C9/4NZ2.pdb,1318923,08a78db74c627ce33a3f1ab030c38e97c2fa467b01b8e3c11196939474c711f6,authoritative RCSB legacy PDB file,2013-12-11T00:00:00Z,2014-08-13T00:00:00Z,false,false,false,false
P11712,CYP2C9,5A5I,X-ray,2.00 A,A=23-489,PDB,https://files.rcsb.org/download/5A5I.pdb,pdbs/CYP2C9/5A5I.pdb,349677,a63ec8a02cb7a341e5eb4e44e5f9df5dbca2ceb22834d587ade2ad52d6160457,authoritative RCSB legacy PDB file,2015-06-18T00:00:00Z,2016-08-24T00:00:00Z,false,false,false,false
P11712,CYP2C9,5A5J,X-ray,2.90 A,A=23-489,PDB,https://files.rcsb.org/download/5A5J.pdb,pdbs/CYP2C9/5A5J.pdb,350892,7d993167665291e0f498b1dc639d9ae54d494e6f0e78c8719d5c01150dc1bdc8,authoritative RCSB legacy PDB file,2015-06-18T00:00:00Z,2016-08-03T00:00:00Z,false,false,false,false
P11712,CYP2C9,5K7K,X-ray,2.30 A,A=23-489,PDB,https://files.rcsb.org/download/5K7K.pdb,pdbs/CYP2C9/5K7K.pdb,355104,3709db36fb5d36107d373dd028756840eb1c373df808a26c30cb53c03317348f,authoritative RCSB legacy PDB file,2016-05-26T00:00:00Z,2017-06-07T00:00:00Z,false,false,false,false
P11712,CYP2C9,5W0C,X-ray,2.00 A,A=18-489,PDB,https://files.rcsb.org/download/5W0C.pdb,pdbs/CYP2C9/5W0C.pdb,365958,0be34e30a5812d0be079eab6c8d09c0c6ff826f22a372cdf0ad6d8762fc6e7c9,authoritative RCSB legacy PDB file,2017-05-30T00:00:00Z,2017-09-13T00:00:00Z,false,false,false,false
P11712,CYP2C9,5X23,X-ray,2.00 A,A=19-490,PDB,https://files.rcsb.org/download/5X23.pdb,pdbs/CYP2C9/5X23.pdb,386127,60bd33af5b0856452b35c028d5f1aa942953042d102bef67c90432d093bafb69,authoritative RCSB legacy PDB file,2017-01-30T00:00:00Z,2017-10-25T00:00:00Z,false,false,false,false
P11712,CYP2C9,5X24,X-ray,2.48 A,A=19-490,PDB,https://files.rcsb.org/download/5X24.pdb,pdbs/CYP2C9/5X24.pdb,364581,d0ca3fd55c0c2c43ed503d659959f5feec43ca742ff63badd470682683293b78,authoritative RCSB legacy PDB file,2017-01-30T00:00:00Z,2017-10-25T00:00:00Z,false,false,false,false
P11712,CYP2C9,5XXI,X-ray,2.30 A,A=28-489,PDB,https://files.rcsb.org/download/5XXI.pdb,pdbs/CYP2C9/5XXI.pdb,376164,a3a44d8c677c478283cd10f8de2cc51e6c8fa5a461bbc2c36e9bf37b3ba7f141,authoritative RCSB legacy PDB file,2017-07-04T00:00:00Z,2017-10-25T00:00:00Z,false,false,false,false
P11712,CYP2C9,6VLT,X-ray,3.12 A,A/B/C/D/E/F/G/H=19-490,PDB,https://files.rcsb.org/download/6VLT.pdb,pdbs/CYP2C9/6VLT.pdb,2621322,94ed500350d73f71db335bde9b10d81199ac36561b33945a02a19a4e0f31d745,authoritative RCSB legacy PDB file,2020-01-25T00:00:00Z,2020-09-30T00:00:00Z,false,false,false,false
P11712,CYP2C9,7RL2,X-ray,2.23 A,A=24-490,PDB,https://files.rcsb.org/download/7RL2.pdb,pdbs/CYP2C9/7RL2.pdb,362637,ecd985a97f59ead826c2721444674df10d68589b110d65762855f275cd1a294e,authoritative RCSB legacy PDB file,2021-07-23T00:00:00Z,2021-10-06T00:00:00Z,true,false,true,true
P11712,CYP2C9,8VX0,X-ray,3.05 A,A=24-490,PDB,https://files.rcsb.org/download/8VX0.pdb,pdbs/CYP2C9/8VX0.pdb,363933,0028c175137e15f34d37f3539b67428feb035a91dabb5b992a81caedfd8787db,authoritative RCSB legacy PDB file,2024-02-02T00:00:00Z,2024-06-12T00:00:00Z,true,true,true,true
P11712,CYP2C9,8VZ7,X-ray,2.53 A,A=24-490,PDB,https://files.rcsb.org/download/8VZ7.pdb,pdbs/CYP2C9/8VZ7.pdb,369117,6d155d6b1883657e978592827d69503dc691d0af4e8492597f366fe4bfc132a4,authoritative RCSB legacy PDB file,2024-02-11T00:00:00Z,2024-06-12T00:00:00Z,true,true,true,true
P10635,CYP2D6,2F9Q,X-ray,3.00 A,A/B/C/D=34-497,PDB,https://files.rcsb.org/download/2F9Q.pdb,pdbs/CYP2D6/2F9Q.pdb,1281663,4185f68c874f761e999a68bf04337117b958cd72bd66085d31c51a3cfa9eaf5c,authoritative RCSB legacy PDB file,2005-12-06T00:00:00Z,2005-12-20T00:00:00Z,false,false,false,false
P10635,CYP2D6,3QM4,X-ray,2.85 A,A/B=34-497,PDB,https://files.rcsb.org/download/3QM4.pdb,pdbs/CYP2D6/3QM4.pdb,668007,4c96efa428ccf4facb41fff8ff046d41708944dfd68faae7ff93669df65c637b,authoritative RCSB legacy PDB file,2011-02-03T00:00:00Z,2012-02-15T00:00:00Z,false,false,false,false
P10635,CYP2D6,3TBG,X-ray,2.10 A,A/B/C/D=34-497,PDB,https://files.rcsb.org/download/3TBG.pdb,pdbs/CYP2D6/3TBG.pdb,1383966,7f457b061a63deb42f06ff67fe852595842f827ecbd0cfe06913bdb6daef45e7,authoritative RCSB legacy PDB file,2011-08-05T00:00:00Z,2012-08-08T00:00:00Z,false,false,false,false
P10635,CYP2D6,3TDA,X-ray,2.67 A,A/B/C/D=34-497,PDB,https://files.rcsb.org/download/3TDA.pdb,pdbs/CYP2D6/3TDA.pdb,1330506,d9e4071cf24dedd1c881b97a374e8d413437f3ae4ea82cef05263c84beb68fda,authoritative RCSB legacy PDB file,2011-08-10T00:00:00Z,2012-08-15T00:00:00Z,false,false,false,false
P10635,CYP2D6,4WNT,X-ray,2.60 A,A/B=34-497,PDB,https://files.rcsb.org/download/4WNT.pdb,pdbs/CYP2D6/4WNT.pdb,1255338,f554e1d50cd5e479aaac3ef86f2140f438000eb1378c6ecd202013ca5efd7390,authoritative RCSB legacy PDB file,2014-10-14T00:00:00Z,2015-01-14T00:00:00Z,false,false,false,false
P10635,CYP2D6,4WNU,X-ray,2.26 A,A/B/C/D=34-497,PDB,https://files.rcsb.org/download/4WNU.pdb,pdbs/CYP2D6/4WNU.pdb,2551419,dbeb61cbf422118dedaae1204bcda6d406ecb3088faee9928ef3d85157143cbd,authoritative RCSB legacy PDB file,2014-10-14T00:00:00Z,2015-01-14T00:00:00Z,false,false,false,false
P10635,CYP2D6,4WNV,X-ray,2.35 A,A/B/C/D=48-497,PDB,https://files.rcsb.org/download/4WNV.pdb,pdbs/CYP2D6/4WNV.pdb,2548746,a400079a67752e56c1e53f159587fdec9166d8955e1078c1ee988442a612ec2e,authoritative RCSB legacy PDB file,2014-10-14T00:00:00Z,2015-01-14T00:00:00Z,false,false,false,false
P10635,CYP2D6,4WNW,X-ray,3.30 A,A/B=34-497,PDB,https://files.rcsb.org/download/4WNW.pdb,pdbs/CYP2D6/4WNW.pdb,669870,fa5f56e818e42463d31b13689a1a2d3e32076de002a2c2520a4d6e028c3391e6,authoritative RCSB legacy PDB file,2014-10-14T00:00:00Z,2015-01-14T00:00:00Z,false,false,false,false
P10635,CYP2D6,4XRY,X-ray,2.50 A,A/B/C/D=34-497,PDB,https://files.rcsb.org/download/4XRY.pdb,pdbs/CYP2D6/4XRY.pdb,1322244,266ae88c59afea00a182d3a2f9da645ee75b444e181039462b61fc40c1d05d19,authoritative RCSB legacy PDB file,2015-01-21T00:00:00Z,2015-05-20T00:00:00Z,false,false,false,false
P10635,CYP2D6,4XRZ,X-ray,2.40 A,A/B/C/D=34-497,PDB,https://files.rcsb.org/download/4XRZ.pdb,pdbs/CYP2D6/4XRZ.pdb,1345491,449ad582fa34f672b134a5fb979adc6e1e0c9bf07f37ca64e8a20b23e0e0643c,authoritative RCSB legacy PDB file,2015-01-21T00:00:00Z,2015-05-20T00:00:00Z,false,false,false,false
P10635,CYP2D6,5TFT,X-ray,2.71 A,A/B/C/D=34-497,PDB,https://files.rcsb.org/download/5TFT.pdb,pdbs/CYP2D6/5TFT.pdb,1302966,ce4199aca26346ac17ba5fbc0edb6eb0b42c29fd77156601b8c7d270f598b641,authoritative RCSB legacy PDB file,2016-09-26T00:00:00Z,2017-01-11T00:00:00Z,false,false,false,false
P10635,CYP2D6,5TFU,X-ray,2.75 A,A/B/C/D=34-497,PDB,https://files.rcsb.org/download/5TFU.pdb,pdbs/CYP2D6/5TFU.pdb,1298511,f44b092317c957d1ed44ea57409e243bb1376af15a6e9ea90b0aa339ed2a5432,authoritative RCSB legacy PDB file,2016-09-26T00:00:00Z,2017-01-11T00:00:00Z,false,false,false,false
P10635,CYP2D6,6CSB,X-ray,2.39 A,A/B/C/D=34-497,PDB,https://files.rcsb.org/download/6CSB.pdb,pdbs/CYP2D6/6CSB.pdb,1359990,b5a4cc929b3e8a6ade0ee6e60bcce549cacfd4e0971712950136298896cc76a7,authoritative RCSB legacy PDB file,2018-03-20T00:00:00Z,2019-03-27T00:00:00Z,false,false,false,false
P10635,CYP2D6,6CSD,X-ray,2.39 A,A/B=34-497,PDB,https://files.rcsb.org/download/6CSD.pdb,pdbs/CYP2D6/6CSD.pdb,708912,df83a1ae26fcf8fc4ff644d49547d61d27748490bbd2411763a607373be8342a,authoritative RCSB legacy PDB file,2018-03-20T00:00:00Z,2019-03-27T00:00:00Z,false,false,false,false
P08684,CYP3A4,1TQN,X-ray,2.05 A,A=24-503,PDB,https://files.rcsb.org/download/1TQN.pdb,pdbs/CYP3A4/1TQN.pdb,369036,4370e1945a918d519510702fc504dd72fa2f9db0c56c5e6397a42fb30ae5d6f3,authoritative RCSB legacy PDB file,2004-06-17T00:00:00Z,2004-07-27T00:00:00Z,false,false,false,false
P08684,CYP3A4,1W0E,X-ray,2.80 A,A=25-503,PDB,https://files.rcsb.org/download/1W0E.pdb,pdbs/CYP3A4/1W0E.pdb,347571,0be9474c482752c983450af58e7359ca02953d1cd9bb45b34d81689143e0f3ed,authoritative RCSB legacy PDB file,2004-06-03T00:00:00Z,2004-07-22T00:00:00Z,false,false,false,false
P08684,CYP3A4,1W0F,X-ray,2.65 A,A=25-503,PDB,https://files.rcsb.org/download/1W0F.pdb,pdbs/CYP3A4/1W0F.pdb,358263,071c7a303d62442f4815c21f90bdb34495bb663f58d264ab714a178b8977cb0e,authoritative RCSB legacy PDB file,2004-06-03T00:00:00Z,2004-07-22T00:00:00Z,false,false,false,false
P08684,CYP3A4,1W0G,X-ray,2.74 A,A=25-503,PDB,https://files.rcsb.org/download/1W0G.pdb,pdbs/CYP3A4/1W0G.pdb,358344,2667fae7bba7f85e19632162e05d2f36deca36093304543fd762294400ea4e97,authoritative RCSB legacy PDB file,2004-06-03T00:00:00Z,2004-07-22T00:00:00Z,false,false,false,false
P08684,CYP3A4,2J0D,X-ray,2.75 A,A/B=25-503,PDB,https://files.rcsb.org/download/2J0D.pdb,pdbs/CYP3A4/2J0D.pdb,661365,0c252f7abd81af93c09cc00df3f7f74a8a87f732125d94a2fd58274ae8f06923,authoritative RCSB legacy PDB file,2006-08-02T00:00:00Z,2006-09-04T00:00:00Z,false,false,false,false
P08684,CYP3A4,2V0M,X-ray,2.80 A,A/B/C/D=25-503,PDB,https://files.rcsb.org/download/2V0M.pdb,pdbs/CYP3A4/2V0M.pdb,1338768,52c453b386e19c4f95bf9c9883d164c2c962bca723e1bec80a769752da716bd7,authoritative RCSB legacy PDB file,2007-05-15T00:00:00Z,2007-06-26T00:00:00Z,false,false,false,false
P08684,CYP3A4,3NXU,X-ray,2.00 A,A/B=25-503,PDB,https://files.rcsb.org/download/3NXU.pdb,pdbs/CYP3A4/3NXU.pdb,717984,46e1c71750dab73a1aa0eea93c89d9a55c3f527fdec3d8207f0a1c458aaa8b1f,authoritative RCSB legacy PDB file,2010-07-14T00:00:00Z,2010-10-20T00:00:00Z,false,false,false,false
P08684,CYP3A4,3TJS,X-ray,2.25 A,A=23-503,PDB,https://files.rcsb.org/download/3TJS.pdb,pdbs/CYP3A4/3TJS.pdb,666630,633cdb2da9e3cab239162c272701df7f9f9d30e3e670149696d723fd2ea252fa,authoritative RCSB legacy PDB file,2011-08-24T00:00:00Z,2012-03-07T00:00:00Z,false,false,false,false
P08684,CYP3A4,3UA1,X-ray,2.15 A,A=23-503,PDB,https://files.rcsb.org/download/3UA1.pdb,pdbs/CYP3A4/3UA1.pdb,658044,0ec2f22db0a0dae3a990586f1c627426d6ba4a10cb3199df2e0f168ab369f00d,authoritative RCSB legacy PDB file,2011-10-20T00:00:00Z,2011-12-14T00:00:00Z,false,false,false,false
P08684,CYP3A4,4D6Z,X-ray,1.93 A,A=23-503,PDB,https://files.rcsb.org/download/4D6Z.pdb,pdbs/CYP3A4/4D6Z.pdb,706320,488307346fb4af04bc99eceffa23183fa217eeca26df74c88e51746582e19e11,authoritative RCSB legacy PDB file,2014-11-19T00:00:00Z,2015-09-23T00:00:00Z,false,false,false,false
P08684,CYP3A4,4D75,X-ray,2.25 A,A=23-503,PDB,https://files.rcsb.org/download/4D75.pdb,pdbs/CYP3A4/4D75.pdb,664362,450fab57b331c853d67ec2898fb4367b57bc1ec3d8de0f27c070375ad77b08b3,authoritative RCSB legacy PDB file,2014-11-19T00:00:00Z,2015-09-23T00:00:00Z,false,false,false,false
P08684,CYP3A4,4D78,X-ray,2.80 A,A=23-503,PDB,https://files.rcsb.org/download/4D78.pdb,pdbs/CYP3A4/4D78.pdb,654237,99cc0dab3ae22768395a28858c3de086c04399d7c5fec4dee0701f602ebf9828,authoritative RCSB legacy PDB file,2014-11-21T00:00:00Z,2015-09-23T00:00:00Z,false,false,false,false
P08684,CYP3A4,4D7D,X-ray,2.76 A,A=23-503,PDB,https://files.rcsb.org/download/4D7D.pdb,pdbs/CYP3A4/4D7D.pdb,662904,cf4dbaed5cdd88e4861219f760eb34da21ac4191dfff1bc055c6bc7519dff057,authoritative RCSB legacy PDB file,2014-11-22T00:00:00Z,2015-09-23T00:00:00Z,false,false,false,false
P08684,CYP3A4,4I3Q,X-ray,2.60 A,A=23-503,PDB,https://files.rcsb.org/download/4I3Q.pdb,pdbs/CYP3A4/4I3Q.pdb,665010,0b114084537911e8f3b111c64ae44a9bd86ed5d70d0a7333b2d1475b26a00325,authoritative RCSB legacy PDB file,2012-11-26T00:00:00Z,2013-04-24T00:00:00Z,false,false,false,false
P08684,CYP3A4,4I4G,X-ray,2.72 A,A=23-503,PDB,https://files.rcsb.org/download/4I4G.pdb,pdbs/CYP3A4/4I4G.pdb,668169,e9bca6fd851c955dcc39ed94b408363495edbc83bc3d1eec8bc08a6fecb479dd,authoritative RCSB legacy PDB file,2012-11-27T00:00:00Z,2013-04-24T00:00:00Z,false,false,false,false
P08684,CYP3A4,4I4H,X-ray,2.90 A,A=23-503,PDB,https://files.rcsb.org/download/4I4H.pdb,pdbs/CYP3A4/4I4H.pdb,663390,6992dba9df9bd9d5a27f7bf16db8942f42087e657ab8f550dcbf623dc93d3b81,authoritative RCSB legacy PDB file,2012-11-27T00:00:00Z,2013-04-24T00:00:00Z,false,false,false,false
P08684,CYP3A4,4K9T,X-ray,2.50 A,A=23-503,PDB,https://files.rcsb.org/download/4K9T.pdb,pdbs/CYP3A4/4K9T.pdb,670923,a784f862059c710d7f7b557d201af5dd957dab70d61e442975463925d051a894,authoritative RCSB legacy PDB file,2013-04-21T00:00:00Z,2013-06-19T00:00:00Z,false,false,false,false
P08684,CYP3A4,4K9U,X-ray,2.85 A,A=23-503,PDB,https://files.rcsb.org/download/4K9U.pdb,pdbs/CYP3A4/4K9U.pdb,659907,1c73a74a17b0540e72353810b557c971a3bb114b7d5f28adeadebeee936ab223,authoritative RCSB legacy PDB file,2013-04-21T00:00:00Z,2013-06-19T00:00:00Z,false,false,false,false
P08684,CYP3A4,4K9V,X-ray,2.60 A,A=23-503,PDB,https://files.rcsb.org/download/4K9V.pdb,pdbs/CYP3A4/4K9V.pdb,659421,58fbe9a3ec00378756398358b51dec1e7ceee5a8cb00293a38198b4a3dd65c38,authoritative RCSB legacy PDB file,2013-04-21T00:00:00Z,2013-06-19T00:00:00Z,false,false,false,false
P08684,CYP3A4,4K9W,X-ray,2.40 A,A/B/C/D=23-503,PDB,https://files.rcsb.org/download/4K9W.pdb,pdbs/CYP3A4/4K9W.pdb,2566566,08eca5861541544931cf26338aaf9e597860eb0b55430d4290fe52351b9bc67d,authoritative RCSB legacy PDB file,2013-04-21T00:00:00Z,2013-06-19T00:00:00Z,false,false,false,false
P08684,CYP3A4,4K9X,X-ray,2.76 A,A=23-503,PDB,https://files.rcsb.org/download/4K9X.pdb,pdbs/CYP3A4/4K9X.pdb,648000,34b5434fcd83fdaa7bf3749c1535acec6e9273cf53f6054de0fb4e84afec8c8f,authoritative RCSB legacy PDB file,2013-04-21T00:00:00Z,2013-06-19T00:00:00Z,false,false,false,false
P08684,CYP3A4,4NY4,X-ray,2.95 A,A=25-503,PDB,https://files.rcsb.org/download/4NY4.pdb,pdbs/CYP3A4/4NY4.pdb,655857,34cb456ff2bbc2cca5cab0affabec4e3266c0109331607a47015f5c0930f9d3b,authoritative RCSB legacy PDB file,2013-12-10T00:00:00Z,2014-08-13T00:00:00Z,false,false,false,false
P08684,CYP3A4,5A1P,X-ray,2.50 A,A=23-503,PDB,https://files.rcsb.org/download/5A1P.pdb,pdbs/CYP3A4/5A1P.pdb,667440,899336ef103cf3b84aa236f2c20dbf45eab1ae442ad7740fb8a01755af005822,authoritative RCSB legacy PDB file,2015-05-04T00:00:00Z,2015-06-24T00:00:00Z,false,false,false,false
P08684,CYP3A4,5A1R,X-ray,2.45 A,A=23-503,PDB,https://files.rcsb.org/download/5A1R.pdb,pdbs/CYP3A4/5A1R.pdb,663228,bffd3683c4715b517a740625986c9ef9e54b6a78bee42c2f2aabf999cfcee88e,authoritative RCSB legacy PDB file,2015-05-04T00:00:00Z,2015-06-24T00:00:00Z,false,false,false,false
P08684,CYP3A4,5G5J,X-ray,2.60 A,A=21-503,PDB,https://files.rcsb.org/download/5G5J.pdb,pdbs/CYP3A4/5G5J.pdb,650025,fd5e4fddd986e6416c9c5320b18926d76585460bde7bf24607d910da5c272a49,authoritative RCSB legacy PDB file,2016-05-25T00:00:00Z,2017-06-07T00:00:00Z,false,false,false,false
P08684,CYP3A4,5TE8,X-ray,2.70 A,A/B/C=23-503,PDB,https://files.rcsb.org/download/5TE8.pdb,pdbs/CYP3A4/5TE8.pdb,1972512,06dae6ce2d446660d9b6287dfd55fb356fe3f5018c6b54b59c71b552ce2059cd,authoritative RCSB legacy PDB file,2016-09-20T00:00:00Z,2016-12-07T00:00:00Z,false,false,false,false
P08684,CYP3A4,5VC0,X-ray,2.70 A,A=21-503,PDB,https://files.rcsb.org/download/5VC0.pdb,pdbs/CYP3A4/5VC0.pdb,673596,8cbb80d5e1ea90ac5e0b697cd4e7d11825b6021d0acd37cc6550a81d4710e808,authoritative RCSB legacy PDB file,2017-03-30T00:00:00Z,2017-05-31T00:00:00Z,false,false,false,false
P08684,CYP3A4,5VCC,X-ray,1.70 A,A=21-503,PDB,https://files.rcsb.org/download/5VCC.pdb,pdbs/CYP3A4/5VCC.pdb,752166,b4c16147ca536758fc33282bfa5b7bef683f85ddb2b0c5140d7cdc31d4ad8ff9,authoritative RCSB legacy PDB file,2017-03-31T00:00:00Z,2017-05-31T00:00:00Z,false,false,false,false
P08684,CYP3A4,5VCD,X-ray,1.95 A,A=21-503,PDB,https://files.rcsb.org/download/5VCD.pdb,pdbs/CYP3A4/5VCD.pdb,689067,163b032c31a1b819fe9dba2147f5a9890e5ec655542dc40ad509f596da9749e5,authoritative RCSB legacy PDB file,2017-03-31T00:00:00Z,2017-05-31T00:00:00Z,false,false,false,false
P08684,CYP3A4,5VCE,X-ray,2.20 A,A=21-503,PDB,https://files.rcsb.org/download/5VCE.pdb,pdbs/CYP3A4/5VCE.pdb,669060,56f2fd4534a1114d870b43f18e8054830819cfd800306ed823cfa52ea6690ce6,authoritative RCSB legacy PDB file,2017-03-31T00:00:00Z,2017-05-31T00:00:00Z,false,false,false,false
P08684,CYP3A4,5VCG,X-ray,2.20 A,A=21-503,PDB,https://files.rcsb.org/download/5VCG.pdb,pdbs/CYP3A4/5VCG.pdb,683721,b3d294cd91aea589f9d7324666ac619251033b0dc9772267860dfe11dcce89f9,authoritative RCSB legacy PDB file,2017-03-31T00:00:00Z,2017-05-31T00:00:00Z,false,false,false,false
P08684,CYP3A4,6BCZ,X-ray,2.23 A,A=21-503,PDB,https://files.rcsb.org/download/6BCZ.pdb,pdbs/CYP3A4/6BCZ.pdb,676674,c63e3d7bb0cef466a8f2d5fef3585242a6604c2c568c9ca306c7a42c6c7a2370,authoritative RCSB legacy PDB file,2017-10-20T00:00:00Z,2017-12-13T00:00:00Z,false,false,false,false
P08684,CYP3A4,6BD5,X-ray,2.50 A,A=21-503,PDB,https://files.rcsb.org/download/6BD5.pdb,pdbs/CYP3A4/6BD5.pdb,669951,0491929c0135d58d47d5e3f1871f3deb528ce58b91b0ca2f42546beba1d89769,authoritative RCSB legacy PDB file,2017-10-21T00:00:00Z,2017-12-13T00:00:00Z,false,false,false,false
P08684,CYP3A4,6BD6,X-ray,2.50 A,A=21-503,PDB,https://files.rcsb.org/download/6BD6.pdb,pdbs/CYP3A4/6BD6.pdb,656181,83916b388c61f85629ed30f56523745ac64e0efe4f1e3b850a04012714e6ea44,authoritative RCSB legacy PDB file,2017-10-21T00:00:00Z,2017-12-13T00:00:00Z,false,false,false,false
P08684,CYP3A4,6BD7,X-ray,2.42 A,A=21-503,PDB,https://files.rcsb.org/download/6BD7.pdb,pdbs/CYP3A4/6BD7.pdb,673434,977b943fd5570b825084fcc64c97fefca058c9bdf5c747bef2e1107b519f92cf,authoritative RCSB legacy PDB file,2017-10-21T00:00:00Z,2017-12-13T00:00:00Z,false,false,false,false
P08684,CYP3A4,6BD8,X-ray,2.38 A,A=21-503,PDB,https://files.rcsb.org/download/6BD8.pdb,pdbs/CYP3A4/6BD8.pdb,667521,107fe30ccaaba01a56da0da80b1e2c954509d2c0158ab35abf603682a9fba31f,authoritative RCSB legacy PDB file,2017-10-21T00:00:00Z,2017-12-13T00:00:00Z,false,false,false,false
P08684,CYP3A4,6BDH,X-ray,2.25 A,A=21-503,PDB,https://files.rcsb.org/download/6BDH.pdb,pdbs/CYP3A4/6BDH.pdb,641358,e9553f114a0a7982b4f61abf97f745cf9b6b0ec1dd70deed8c4784f5550b3dc1,authoritative RCSB legacy PDB file,2017-10-23T00:00:00Z,2017-12-13T00:00:00Z,false,false,false,false
P08684,CYP3A4,6BDI,X-ray,2.57 A,A=21-503,PDB,https://files.rcsb.org/download/6BDI.pdb,pdbs/CYP3A4/6BDI.pdb,681453,c900d0e60c08b5a4c8c548f5e21dc9e767792351ab7c38bd8586d3116cb0836d,authoritative RCSB legacy PDB file,2017-10-23T00:00:00Z,2017-12-13T00:00:00Z,false,false,false,false
P08684,CYP3A4,6BDK,X-ray,2.67 A,A=21-503,PDB,https://files.rcsb.org/download/6BDK.pdb,pdbs/CYP3A4/6BDK.pdb,672948,42eaa9895da9a1165c66141bb8d954a1b684b7bd3ac2c9dd46050b524a8d1710,authoritative RCSB legacy PDB file,2017-10-23T00:00:00Z,2017-12-13T00:00:00Z,false,false,false,false
P08684,CYP3A4,6BDM,X-ray,2.60 A,A=21-503,PDB,https://files.rcsb.org/download/6BDM.pdb,pdbs/CYP3A4/6BDM.pdb,662904,4166131dd7911d3d724fb1094f68daec33916b9feacad73c0d7f3b814895b9cd,authoritative RCSB legacy PDB file,2017-10-23T00:00:00Z,2017-12-13T00:00:00Z,false,false,false,false
P08684,CYP3A4,6DA2,X-ray,2.65 A,A=23-503,PDB,https://files.rcsb.org/download/6DA2.pdb,pdbs/CYP3A4/6DA2.pdb,653994,069dc80d579a0e8a56d5de64b5707de08b80002996ac05d0a8a2774ecda689b3,authoritative RCSB legacy PDB file,2018-05-01T00:00:00Z,2019-04-03T00:00:00Z,false,false,false,false
P08684,CYP3A4,6DA3,X-ray,2.37 A,A=23-503,PDB,https://files.rcsb.org/download/6DA3.pdb,pdbs/CYP3A4/6DA3.pdb,647676,371065f632209fd07f15b2af34c95cb9377c41b14e74e04e39b21b24dce2f560,authoritative RCSB legacy PDB file,2018-05-01T00:00:00Z,2019-04-03T00:00:00Z,false,false,false,false
P08684,CYP3A4,6DA5,X-ray,2.25 A,A=23-503,PDB,https://files.rcsb.org/download/6DA5.pdb,pdbs/CYP3A4/6DA5.pdb,652698,389d682f5756d77a88b312e580c84625c9b66613976e738a4aca1200fb1bd554,authoritative RCSB legacy PDB file,2018-05-01T00:00:00Z,2019-04-03T00:00:00Z,false,false,false,false
P08684,CYP3A4,6DA8,X-ray,2.80 A,A=23-503,PDB,https://files.rcsb.org/download/6DA8.pdb,pdbs/CYP3A4/6DA8.pdb,648567,26fc42984444b7ea02e46ee400aa7d623206251ec1faf0583a0e3e4223997f65,authoritative RCSB legacy PDB file,2018-05-01T00:00:00Z,2019-04-03T00:00:00Z,false,false,false,false
P08684,CYP3A4,6DAA,X-ray,2.15 A,A=23-503,PDB,https://files.rcsb.org/download/6DAA.pdb,pdbs/CYP3A4/6DAA.pdb,652374,fb9b2e872d72aeaeea363894e2dc4a6d467b0a24034c09817eae2ad45c7e1e04,authoritative RCSB legacy PDB file,2018-05-01T00:00:00Z,2019-04-03T00:00:00Z,false,false,false,false
P08684,CYP3A4,6DAB,X-ray,2.35 A,A=23-503,PDB,https://files.rcsb.org/download/6DAB.pdb,pdbs/CYP3A4/6DAB.pdb,632367,e76f061885b0d44abf27c314c0ced3c7a2e532fbe9968137cba29a1116e0c916,authoritative RCSB legacy PDB file,2018-05-01T00:00:00Z,2019-04-03T00:00:00Z,false,false,false,false
P08684,CYP3A4,6DAC,X-ray,2.55 A,A=23-503,PDB,https://files.rcsb.org/download/6DAC.pdb,pdbs/CYP3A4/6DAC.pdb,659745,c8bae19e2710634e979bdc30c5406cb89acf58a6aa491ae8b78511cdbcd52343,authoritative RCSB legacy PDB file,2018-05-01T00:00:00Z,2019-04-03T00:00:00Z,false,false,false,false
P08684,CYP3A4,6DAG,X-ray,2.80 A,A=23-503,PDB,https://files.rcsb.org/download/6DAG.pdb,pdbs/CYP3A4/6DAG.pdb,649458,1afbe7150333f636638b1e626ea2862b508891b54ec92af69e2ef91c3f40cdd3,authoritative RCSB legacy PDB file,2018-05-01T00:00:00Z,2019-04-03T00:00:00Z,false,false,false,false
P08684,CYP3A4,6DAJ,X-ray,2.45 A,A=23-503,PDB,https://files.rcsb.org/download/6DAJ.pdb,pdbs/CYP3A4/6DAJ.pdb,653022,cb2d3ab8ef566bbdc7a966f1705531660bbfb12eb55138fec25e2b1556ed1d3a,authoritative RCSB legacy PDB file,2018-05-01T00:00:00Z,2019-04-03T00:00:00Z,false,false,false,false
P08684,CYP3A4,6DAL,X-ray,2.65 A,A=23-503,PDB,https://files.rcsb.org/download/6DAL.pdb,pdbs/CYP3A4/6DAL.pdb,654237,1fb07749dc92b746ab874056cba578d257e6ef028b95b6c84f06af747b83cb3b,authoritative RCSB legacy PDB file,2018-05-01T00:00:00Z,2019-04-03T00:00:00Z,false,false,false,false
P08684,CYP3A4,6MA6,X-ray,2.18 A,A=23-503,PDB,https://files.rcsb.org/download/6MA6.pdb,pdbs/CYP3A4/6MA6.pdb,693927,2e12ec5b0ce1cb4ef64781f0ddad3c49e352371274f281e97d677e09ededbafc,authoritative RCSB legacy PDB file,2018-08-26T00:00:00Z,2019-01-16T00:00:00Z,false,false,false,false
P08684,CYP3A4,6MA7,X-ray,2.09 A,A=23-503,PDB,https://files.rcsb.org/download/6MA7.pdb,pdbs/CYP3A4/6MA7.pdb,677241,ca0ba4416c692ad958e8cefc108333fbaba3322a2c4d3401fd92ed1105bffd10,authoritative RCSB legacy PDB file,2018-08-26T00:00:00Z,2019-01-16T00:00:00Z,false,false,false,false
P08684,CYP3A4,6MA8,X-ray,1.83 A,A=23-503,PDB,https://files.rcsb.org/download/6MA8.pdb,pdbs/CYP3A4/6MA8.pdb,714582,947ba36496700e0aaf24b5ff4a073ddade4068538dadad5cf8c0ee87064ffe65,authoritative RCSB legacy PDB file,2018-08-26T00:00:00Z,2019-01-16T00:00:00Z,false,false,false,false
P08684,CYP3A4,6OO9,X-ray,2.25 A,A=21-503,PDB,https://files.rcsb.org/download/6OO9.pdb,pdbs/CYP3A4/6OO9.pdb,680157,5d7a40c0f01a49e5bb759f75b1e3315f3e5163ef5e78f4469b68ca0846839eee,authoritative RCSB legacy PDB file,2019-04-22T00:00:00Z,2019-09-11T00:00:00Z,false,false,false,false
P08684,CYP3A4,6OOA,X-ray,2.52 A,A=21-503,PDB,https://files.rcsb.org/download/6OOA.pdb,pdbs/CYP3A4/6OOA.pdb,654318,b6c779116a2a514a0cca11c811bc879b56e969388c08566c38ca71cf905e7c9d,authoritative RCSB legacy PDB file,2019-04-22T00:00:00Z,2019-09-11T00:00:00Z,false,false,false,false
P08684,CYP3A4,6OOB,X-ray,2.20 A,A=21-503,PDB,https://files.rcsb.org/download/6OOB.pdb,pdbs/CYP3A4/6OOB.pdb,660960,f8fa2728163a3bd80fa44834c3c2852258dcc837a2d87a31ae0ce821e591c6d3,authoritative RCSB legacy PDB file,2019-04-22T00:00:00Z,2019-09-11T00:00:00Z,false,false,false,false
P08684,CYP3A4,6UNE,X-ray,2.55 A,A=23-503,PDB,https://files.rcsb.org/download/6UNE.pdb,pdbs/CYP3A4/6UNE.pdb,654318,5a30a962f97c13552b432999d1481c55b4419845e802d2e489452d968114f2fb,authoritative RCSB legacy PDB file,2019-10-11T00:00:00Z,2020-02-05T00:00:00Z,false,false,false,false
P08684,CYP3A4,6UNG,X-ray,2.30 A,A=23-503,PDB,https://files.rcsb.org/download/6UNG.pdb,pdbs/CYP3A4/6UNG.pdb,657801,1dabcaeb2e65a075de27a80b2d4a3e2c5ad711e93beb2f86d6866e45c40bd97b,authoritative RCSB legacy PDB file,2019-10-11T00:00:00Z,2020-02-05T00:00:00Z,false,false,false,false
P08684,CYP3A4,6UNH,X-ray,2.72 A,A=23-503,PDB,https://files.rcsb.org/download/6UNH.pdb,pdbs/CYP3A4/6UNH.pdb,651645,65fe4a5afc34f318990b4f7b5d3130e6f2abf64569a8329774325aea686b4f2c,authoritative RCSB legacy PDB file,2019-10-11T00:00:00Z,2020-02-05T00:00:00Z,false,false,false,false
P08684,CYP3A4,6UNI,X-ray,2.60 A,A=23-503,PDB,https://files.rcsb.org/download/6UNI.pdb,pdbs/CYP3A4/6UNI.pdb,630504,408afedd4b94031fa6acce60bf83d6708c5ededd3957132dda2cff3342fc5489,authoritative RCSB legacy PDB file,2019-10-11T00:00:00Z,2020-02-05T00:00:00Z,false,false,false,false
P08684,CYP3A4,6UNJ,X-ray,2.60 A,A/B=23-503,PDB,https://files.rcsb.org/download/6UNJ.pdb,pdbs/CYP3A4/6UNJ.pdb,1238571,f1a622118170d6cfc85e659c06b2498686e2eccecdfcff79aebb0ae0845db6c5,authoritative RCSB legacy PDB file,2019-10-12T00:00:00Z,2020-02-05T00:00:00Z,false,false,false,false
P08684,CYP3A4,6UNK,X-ray,2.75 A,A=23-503,PDB,https://files.rcsb.org/download/6UNK.pdb,pdbs/CYP3A4/6UNK.pdb,647109,11eafc1bfef62b4e64380e6faf02c70a34205ceeeab026c13e810f6f4c48e855,authoritative RCSB legacy PDB file,2019-10-12T00:00:00Z,2020-02-05T00:00:00Z,false,false,false,false
P08684,CYP3A4,6UNL,X-ray,2.55 A,A=23-503,PDB,https://files.rcsb.org/download/6UNL.pdb,pdbs/CYP3A4/6UNL.pdb,632205,825b76554d7d89b8434258b3bdf9d772e95b6c5ac7c904e5a77349c42c94bea7,authoritative RCSB legacy PDB file,2019-10-12T00:00:00Z,2020-02-05T00:00:00Z,false,false,false,false
P08684,CYP3A4,6UNM,X-ray,2.83 A,A/B=23-503,PDB,https://files.rcsb.org/download/6UNM.pdb,pdbs/CYP3A4/6UNM.pdb,1209978,239e93405d7731d1412bdb7a6a4e5224e0ed5f4628ed462f8b91a2cc643a5a97,authoritative RCSB legacy PDB file,2019-10-12T00:00:00Z,2020-02-05T00:00:00Z,false,false,false,false
P08684,CYP3A4,7KS8,X-ray,2.50 A,A=21-503,PDB,https://files.rcsb.org/download/7KS8.pdb,pdbs/CYP3A4/7KS8.pdb,655776,66f86e0e31c910b39458106891709f9c524844041200beec61c78f880b499aea,authoritative RCSB legacy PDB file,2020-11-21T00:00:00Z,2021-06-02T00:00:00Z,true,false,false,false
P08684,CYP3A4,7KSA,X-ray,2.50 A,A=21-503,PDB,https://files.rcsb.org/download/7KSA.pdb,pdbs/CYP3A4/7KSA.pdb,643788,e3a432f1c28839cece9072d8161484353d5cf1426219180eea326d6cc8e6cfae,authoritative RCSB legacy PDB file,2020-11-21T00:00:00Z,2021-06-02T00:00:00Z,true,false,false,false
P08684,CYP3A4,7KVH,X-ray,2.79 A,A/B=21-503,PDB,https://files.rcsb.org/download/7KVH.pdb,pdbs/CYP3A4/7KVH.pdb,1260603,237434cf4cc38685db541f3c17a4f5586d6d84a6031c7b411a675e8dea5ff23d,authoritative RCSB legacy PDB file,2020-11-28T00:00:00Z,2021-01-20T00:00:00Z,true,false,false,false
P08684,CYP3A4,7KVI,X-ray,2.55 A,A=21-503,PDB,https://files.rcsb.org/download/7KVI.pdb,pdbs/CYP3A4/7KVI.pdb,651564,0783774d56312a69423fde32000a7ce1f5fad9a0b7f47dc8928533084360548f,authoritative RCSB legacy PDB file,2020-11-28T00:00:00Z,2021-01-20T00:00:00Z,true,false,false,false
P08684,CYP3A4,7KVJ,X-ray,2.65 A,A=21-503,PDB,https://files.rcsb.org/download/7KVJ.pdb,pdbs/CYP3A4/7KVJ.pdb,602154,7e9a92ac71c51e31dc922fbbe51b2364c84fec527d92db678dffc21111fb1d37,authoritative RCSB legacy PDB file,2020-11-28T00:00:00Z,2021-01-20T00:00:00Z,true,false,false,false
P08684,CYP3A4,7KVK,X-ray,2.55 A,A/B=21-503,PDB,https://files.rcsb.org/download/7KVK.pdb,pdbs/CYP3A4/7KVK.pdb,1279395,45c70990739cad963955b0841e1aeed5efac7fed10db563fa3bcc65da44520b1,authoritative RCSB legacy PDB file,2020-11-28T00:00:00Z,2021-01-20T00:00:00Z,true,false,false,false
P08684,CYP3A4,7KVM,X-ray,2.75 A,A=21-503,PDB,https://files.rcsb.org/download/7KVM.pdb,pdbs/CYP3A4/7KVM.pdb,658935,69c265ea74e0bd099f6262fa1d6cb099e3fa40e56d1f0d2b67d72917b2378e29,authoritative RCSB legacy PDB file,2020-11-28T00:00:00Z,2021-01-20T00:00:00Z,true,false,false,false
P08684,CYP3A4,7KVN,X-ray,2.70 A,A/B=21-503,PDB,https://files.rcsb.org/download/7KVN.pdb,pdbs/CYP3A4/7KVN.pdb,1278099,f16df4dc54845d730b5a8cf6ab0498875e25db6c346caf98e1517fede9434c87,authoritative RCSB legacy PDB file,2020-11-28T00:00:00Z,2021-01-20T00:00:00Z,true,false,false,false
P08684,CYP3A4,7KVO,X-ray,2.65 A,A/B=21-503,PDB,https://files.rcsb.org/download/7KVO.pdb,pdbs/CYP3A4/7KVO.pdb,1275426,678aeda720a6ac193b9bca95f6ef75c4d6eedfc0556811d614b78dbe94135d33,authoritative RCSB legacy PDB file,2020-11-28T00:00:00Z,2021-01-20T00:00:00Z,true,false,false,false
P08684,CYP3A4,7KVP,X-ray,2.75 A,A=21-503,PDB,https://files.rcsb.org/download/7KVP.pdb,pdbs/CYP3A4/7KVP.pdb,650916,681978806dd75b819883b9b552dc2fc9ed1abdbb611e2c027d5612c7b53d7851,authoritative RCSB legacy PDB file,2020-11-28T00:00:00Z,2021-01-20T00:00:00Z,true,false,false,false
P08684,CYP3A4,7KVQ,X-ray,2.75 A,A/B=21-503,PDB,https://files.rcsb.org/download/7KVQ.pdb,pdbs/CYP3A4/7KVQ.pdb,1277208,ae0a1dc5d70d73f93bdb651db63a4acbd80c29558d32d246e5a7576d5041a6b1,authoritative RCSB legacy PDB file,2020-11-28T00:00:00Z,2021-01-20T00:00:00Z,true,false,false,false
P08684,CYP3A4,7KVS,X-ray,2.50 A,A/B=21-503,PDB,https://files.rcsb.org/download/7KVS.pdb,pdbs/CYP3A4/7KVS.pdb,1278423,2ac681db167ee146a832139e1d26f856b47d764d87cff65e03cb9f697405aad8,authoritative RCSB legacy PDB file,2020-11-28T00:00:00Z,2021-01-20T00:00:00Z,true,false,false,false
P08684,CYP3A4,7LXL,X-ray,2.75 A,A=23-503,PDB,https://files.rcsb.org/download/7LXL.pdb,pdbs/CYP3A4/7LXL.pdb,650187,a5298a8d0f78738c0979f4a1ce49138ceee96352b676c6e0f456b287fcd1ec93,authoritative RCSB legacy PDB file,2021-03-04T00:00:00Z,2021-04-28T00:00:00Z,true,false,false,false
P08684,CYP3A4,7UAY,X-ray,2.78 A,A=21-503,PDB,https://files.rcsb.org/download/7UAY.pdb,pdbs/CYP3A4/7UAY.pdb,630423,0d622a891baec65ce6c2539cbc414e2290cbd640646099e95ad795eafb1ad750,authoritative RCSB legacy PDB file,2022-03-14T00:00:00Z,2022-08-31T00:00:00Z,true,false,true,true
P08684,CYP3A4,7UAZ,X-ray,2.65 A,A=21-503,PDB,https://files.rcsb.org/download/7UAZ.pdb,pdbs/CYP3A4/7UAZ.pdb,638199,311aa3e68451b4e68f738e84a0882915d41a1f8c955b5cd355443184ab7e2592,authoritative RCSB legacy PDB file,2022-03-14T00:00:00Z,2022-08-31T00:00:00Z,true,false,true,true
P08684,CYP3A4,7UF9,X-ray,2.45 A,A=21-503,PDB,https://files.rcsb.org/download/7UF9.pdb,pdbs/CYP3A4/7UF9.pdb,636174,23fa75d69f37d455f81b1b196888d89bfcbed1c95264eac998de6fd926d175ad,authoritative RCSB legacy PDB file,2022-03-22T00:00:00Z,2022-07-27T00:00:00Z,true,false,true,true
P08684,CYP3A4,7UFA,X-ray,2.50 A,A=21-503,PDB,https://files.rcsb.org/download/7UFA.pdb,pdbs/CYP3A4/7UFA.pdb,647433,1f1538e39fcaff9cb5100d9a5649ce267427b2b882117b7d9378ffe7c7d90fd9,authoritative RCSB legacy PDB file,2022-03-22T00:00:00Z,2022-07-27T00:00:00Z,true,false,true,true
P08684,CYP3A4,7UFB,X-ray,2.25 A,A=21-503,PDB,https://files.rcsb.org/download/7UFB.pdb,pdbs/CYP3A4/7UFB.pdb,664524,78f27de3ce57359f4b355f17abe27f3a3748fa4610340e91f577a6a7e889fa75,authoritative RCSB legacy PDB file,2022-03-22T00:00:00Z,2022-07-27T00:00:00Z,true,false,true,true
P08684,CYP3A4,7UFC,X-ray,2.35 A,A=21-503,PDB,https://files.rcsb.org/download/7UFC.pdb,pdbs/CYP3A4/7UFC.pdb,662661,769ff00a87ea2fac4aae71bbd7f6e3403e2cd024f12b233c865fe1a8872f65fa,authoritative RCSB legacy PDB file,2022-03-22T00:00:00Z,2022-07-27T00:00:00Z,true,false,true,true
P08684,CYP3A4,7UFD,X-ray,2.90 A,A=21-503,PDB,https://files.rcsb.org/download/7UFD.pdb,pdbs/CYP3A4/7UFD.pdb,661284,16c38ad50eeb1d639c6e957631612cd8ff46647c9299eebc6b26ca116c362cdb,authoritative RCSB legacy PDB file,2022-03-22T00:00:00Z,2022-07-27T00:00:00Z,true,false,true,true
P08684,CYP3A4,7UFE,X-ray,2.40 A,A/B=21-503,PDB,https://files.rcsb.org/download/7UFE.pdb,pdbs/CYP3A4/7UFE.pdb,1285065,585bca03569f3c507473cd90811f19bec4f5db5a39089aba909196e2d4c4d291,authoritative RCSB legacy PDB file,2022-03-22T00:00:00Z,2022-07-27T00:00:00Z,true,false,true,true
P08684,CYP3A4,7UFF,X-ray,2.70 A,A/B=21-503,PDB,https://files.rcsb.org/download/7UFF.pdb,pdbs/CYP3A4/7UFF.pdb,1267245,8cc6c0583cf125ba5b56aeead88e0f570d842d5bc3cbf2e4f6c4c87918e40dca,authoritative RCSB legacy PDB file,2022-03-22T00:00:00Z,2022-07-27T00:00:00Z,true,false,true,true
P08684,CYP3A4,8DYC,X-ray,2.40 A,A=21-503,PDB,https://files.rcsb.org/download/8DYC.pdb,pdbs/CYP3A4/8DYC.pdb,661284,8d66b030e7f91277e8be6b771b930fa44b39d37adc5ea82812f58fd62c6d1075,authoritative RCSB legacy PDB file,2022-08-04T00:00:00Z,2022-10-26T00:00:00Z,true,false,true,true
P08684,CYP3A4,8EWD,X-ray,2.20 A,A=21-503,PDB,https://files.rcsb.org/download/8EWD.pdb,pdbs/CYP3A4/8EWD.pdb,630747,81b023fbf4137f49711ac2823891f1e88300f85ad15a84c7b29ece67907acd60,authoritative RCSB legacy PDB file,2022-10-22T00:00:00Z,2023-02-01T00:00:00Z,true,false,true,true
P08684,CYP3A4,8EWE,X-ray,2.30 A,A=21-503,PDB,https://files.rcsb.org/download/8EWE.pdb,pdbs/CYP3A4/8EWE.pdb,663714,5505c4491cdcb7a68235d4065859deaf681466af14c30fdecdba1f5ef0a9fa3f,authoritative RCSB legacy PDB file,2022-10-22T00:00:00Z,2023-02-01T00:00:00Z,true,false,true,true
P08684,CYP3A4,8EWL,X-ray,2.35 A,A=21-503,PDB,https://files.rcsb.org/download/8EWL.pdb,pdbs/CYP3A4/8EWL.pdb,648729,7f840fdc250fb34142075470e144f4f8166e95fa453080fa4178b64be7350534,authoritative RCSB legacy PDB file,2022-10-24T00:00:00Z,2023-02-01T00:00:00Z,true,false,true,true
P08684,CYP3A4,8EWM,X-ray,2.30 A,A=21-503,PDB,https://files.rcsb.org/download/8EWM.pdb,pdbs/CYP3A4/8EWM.pdb,631314,73da7707e71fad1cd3d0cff0e76785e7227103d3564c38fd2f1caa81f1f13001,authoritative RCSB legacy PDB file,2022-10-24T00:00:00Z,2023-02-01T00:00:00Z,true,false,true,true
P08684,CYP3A4,8EWN,X-ray,2.10 A,A=21-503,PDB,https://files.rcsb.org/download/8EWN.pdb,pdbs/CYP3A4/8EWN.pdb,640386,1f7f5e1aab11a9877bb2a574a96439fb54ea60809fd9d1ebcf4cc7ad86be0075,authoritative RCSB legacy PDB file,2022-10-24T00:00:00Z,2023-02-01T00:00:00Z,true,false,true,true
P08684,CYP3A4,8EWP,X-ray,2.40 A,A=21-503,PDB,https://files.rcsb.org/download/8EWP.pdb,pdbs/CYP3A4/8EWP.pdb,662175,471fde2ee2bfa14e0f9606150e8b5d3f2525eb1987eb8c75013179b56a271636,authoritative RCSB legacy PDB file,2022-10-24T00:00:00Z,2023-02-01T00:00:00Z,true,false,true,true
P08684,CYP3A4,8EWQ,X-ray,2.25 A,A=21-503,PDB,https://files.rcsb.org/download/8EWQ.pdb,pdbs/CYP3A4/8EWQ.pdb,668736,de19a5c4fbe72503882ee3b3a7fa162eb36e56afd9b78d80e026599c1b42c64a,authoritative RCSB legacy PDB file,2022-10-24T00:00:00Z,2023-02-01T00:00:00Z,true,false,true,true
P08684,CYP3A4,8EWR,X-ray,2.20 A,A=21-503,PDB,https://files.rcsb.org/download/8EWR.pdb,pdbs/CYP3A4/8EWR.pdb,651402,6396cf406bb00ff4025d7bcb4209e2ef679a39a1189cf3d8421af73b8c1403b9,authoritative RCSB legacy PDB file,2022-10-24T00:00:00Z,2023-02-01T00:00:00Z,true,false,true,true
P08684,CYP3A4,8EWS,X-ray,2.15 A,A=21-503,PDB,https://files.rcsb.org/download/8EWS.pdb,pdbs/CYP3A4/8EWS.pdb,660069,d0ed119f05fe043ff2eabd59f6e3dbc34d7bd49ea88fc99ff240bb94114ffeeb,authoritative RCSB legacy PDB file,2022-10-24T00:00:00Z,2023-02-01T00:00:00Z,true,false,true,true
P08684,CYP3A4,8EXB,X-ray,2.05 A,A=21-503,PDB,https://files.rcsb.org/download/8EXB.pdb,pdbs/CYP3A4/8EXB.pdb,650835,5b9c2e6b71e23cd53b2dd4edcfb33e99f0ea77df7ee73b29d22451e2b2894225,authoritative RCSB legacy PDB file,2022-10-25T00:00:00Z,2023-02-01T00:00:00Z,true,false,true,true
P08684,CYP3A4,8SO1,X-ray,2.05 A,A=21-503,PDB,https://files.rcsb.org/download/8SO1.pdb,pdbs/CYP3A4/8SO1.pdb,681534,45484cd934aaf5aae05432ce715d29cb7296855db0a19318fde4080088a3dfd9,authoritative RCSB legacy PDB file,2023-04-28T00:00:00Z,2023-08-02T00:00:00Z,true,true,true,true
P08684,CYP3A4,8SO2,X-ray,2.15 A,A=21-503,PDB,https://files.rcsb.org/download/8SO2.pdb,pdbs/CYP3A4/8SO2.pdb,702513,9d97c7fb1660338164b892d17dca8cd370ca64ce6ccf1e966cae13a48376009b,authoritative RCSB legacy PDB file,2023-04-28T00:00:00Z,2023-08-02T00:00:00Z,true,true,true,true
P08684,CYP3A4,8SPD,X-ray,2.90 A,A=24-503,PDB,https://files.rcsb.org/download/8SPD.pdb,pdbs/CYP3A4/8SPD.pdb,611307,fefb43d7959155808a2e6146c7373c53717b3bd06e071883b440f5d242daf605,authoritative RCSB legacy PDB file,2023-05-02T00:00:00Z,2023-10-11T00:00:00Z,true,true,true,true
P08684,CYP3A4,9BBB,X-ray,2.50 A,A=21-503,mmCIF,https://files.rcsb.org/download/9BBB.cif,pdbs/CYP3A4/9BBB.cif,785788,5e4293183f21953598c30cc79cfb1395e3b90f1a517ba43c512fa85341ee9c76,authoritative RCSB mmCIF; legacy PDB file unavailable (RCSB returned 404),2024-04-05T00:00:00Z,2024-07-03T00:00:00Z,true,true,true,true
P08684,CYP3A4,9BV5,X-ray,2.71 A,A=24-503,mmCIF,https://files.rcsb.org/download/9BV5.cif,pdbs/CYP3A4/9BV5.cif,473402,2da69e4e3cf8c94a91db7039b0e5d4342c28527402e072dc10f10689ce13825c,authoritative RCSB mmCIF; legacy PDB file unavailable (RCSB returned 404),2024-05-20T00:00:00Z,2025-04-16T00:00:00Z,true,true,true,true
P08684,CYP3A4,9BV6,X-ray,3.10 A,A=24-503,mmCIF,https://files.rcsb.org/download/9BV6.cif,pdbs/CYP3A4/9BV6.cif,456520,e897d0516b94636a45fde2c76edc3aa2ea3999c56467cd92df7282683083a23d,authoritative RCSB mmCIF; legacy PDB file unavailable (RCSB returned 404),2024-05-20T00:00:00Z,2025-04-16T00:00:00Z,true,true,true,true
P08684,CYP3A4,9BV7,X-ray,3.21 A,A=24-503,mmCIF,https://files.rcsb.org/download/9BV7.cif,pdbs/CYP3A4/9BV7.cif,466651,1ff3e402cb57b5a19bd054d998f709a443a63ee00be81cc176bc1ad59e67803e,authoritative RCSB mmCIF; legacy PDB file unavailable (RCSB returned 404),2024-05-20T00:00:00Z,2025-04-16T00:00:00Z,true,true,true,true
P08684,CYP3A4,9BV8,X-ray,3.00 A,A=24-503,mmCIF,https://files.rcsb.org/download/9BV8.cif,pdbs/CYP3A4/9BV8.cif,463145,5fc2b9681b798c35c3e11649f452956a20398ba7c3716985684b45b527a902da,authoritative RCSB mmCIF; legacy PDB file unavailable (RCSB returned 404),2024-05-20T00:00:00Z,2025-04-16T00:00:00Z,true,true,true,true
P08684,CYP3A4,9BV9,X-ray,2.95 A,A=24-503,mmCIF,https://files.rcsb.org/download/9BV9.cif,pdbs/CYP3A4/9BV9.cif,462766,787422a0b1b93b56e62fcbed44f72787585a888f06480ac53e560f7324fde318,authoritative RCSB mmCIF; legacy PDB file unavailable (RCSB returned 404),2024-05-20T00:00:00Z,2025-04-16T00:00:00Z,true,true,true,true
P08684,CYP3A4,9BVA,X-ray,3.02 A,A=24-503,mmCIF,https://files.rcsb.org/download/9BVA.cif,pdbs/CYP3A4/9BVA.cif,463716,cc83eec1b2df47b5c457404b7d0a4ab721127c2102b1d1890cafe5dc5138a5d0,authoritative RCSB mmCIF; legacy PDB file unavailable (RCSB returned 404),2024-05-20T00:00:00Z,2025-04-16T00:00:00Z,true,true,true,true
P08684,CYP3A4,9BVB,X-ray,3.00 A,A=24-503,mmCIF,https://files.rcsb.org/download/9BVB.cif,pdbs/CYP3A4/9BVB.cif,460023,8fededd2a006701f811d1e226934ca12ea2ad201cc57bb1a5e3fe474516d58e5,authoritative RCSB mmCIF; legacy PDB file unavailable (RCSB returned 404),2024-05-20T00:00:00Z,2025-04-16T00:00:00Z,true,true,true,true
P08684,CYP3A4,9BVC,X-ray,2.80 A,A=24-503,mmCIF,https://files.rcsb.org/download/9BVC.cif,pdbs/CYP3A4/9BVC.cif,460172,2115face753bf1bccaef97d663c8c4afaa508ed5f5652af03401e50f4144aab9,authoritative RCSB mmCIF; legacy PDB file unavailable (RCSB returned 404),2024-05-20T00:00:00Z,2025-04-16T00:00:00Z,true,true,true,true
P08684,CYP3A4,9COR,X-ray,2.55 A,A=21-503,mmCIF,https://files.rcsb.org/download/9COR.cif,pdbs/CYP3A4/9COR.cif,783948,f92e9a50760bfc6a9216915993274b609f01fc5763e7f2e450b6888bd804d5ac,authoritative RCSB mmCIF; legacy PDB file unavailable (RCSB returned 404),2024-07-17T00:00:00Z,2025-01-08T00:00:00Z,true,true,true,true
P08684,CYP3A4,9COS,X-ray,2.75 A,A=21-503,mmCIF,https://files.rcsb.org/download/9COS.cif,pdbs/CYP3A4/9COS.cif,762646,3243b7f363502775c2317b1d34779d6d4933a66e9fabb578892600b40ffb228d,authoritative RCSB mmCIF; legacy PDB file unavailable (RCSB returned 404),2024-07-17T00:00:00Z,2025-01-08T00:00:00Z,true,true,true,true
P08684,CYP3A4,9COT,X-ray,2.81 A,A=21-503,mmCIF,https://files.rcsb.org/download/9COT.cif,pdbs/CYP3A4/9COT.cif,762922,1c245ce48c012119fe114f660bbca7b18854bb871ae8cfa393413555087a827c,authoritative RCSB mmCIF; legacy PDB file unavailable (RCSB returned 404),2024-07-17T00:00:00Z,2025-01-08T00:00:00Z,true,true,true,true
P08684,CYP3A4,9COU,X-ray,2.81 A,A=21-503,mmCIF,https://files.rcsb.org/download/9COU.cif,pdbs/CYP3A4/9COU.cif,769081,69cf2257f4e2149e59645641fa89f1d38f4754ea4febd51578ce639498402a95,authoritative RCSB mmCIF; legacy PDB file unavailable (RCSB returned 404),2024-07-17T00:00:00Z,2025-01-08T00:00:00Z,true,true,true,true
P08684,CYP3A4,9COV,X-ray,2.60 A,A=21-503,mmCIF,https://files.rcsb.org/download/9COV.cif,pdbs/CYP3A4/9COV.cif,772825,ea41c13d24c74fe63d6b3317109d00756e8dfebc2b4c8c9060cfaddee527b699,authoritative RCSB mmCIF; legacy PDB file unavailable (RCSB returned 404),2024-07-17T00:00:00Z,2025-01-08T00:00:00Z,true,true,true,true
P08684,CYP3A4,9COW,X-ray,2.30 A,A=21-503,mmCIF,https://files.rcsb.org/download/9COW.cif,pdbs/CYP3A4/9COW.cif,784702,827d6f6e4627eae504fcd4b2b7b0cd1077d4e440a7a552207580139a326753da,authoritative RCSB mmCIF; legacy PDB file unavailable (RCSB returned 404),2024-07-17T00:00:00Z,2025-01-08T00:00:00Z,true,true,true,true
P08684,CYP3A4,9COX,X-ray,2.72 A,A=21-503,mmCIF,https://files.rcsb.org/download/9COX.cif,pdbs/CYP3A4/9COX.cif,773256,3ee01c42ad19d27f46f33e62950f0f288cea7b350e610b368f806d6e8d5807d6,authoritative RCSB mmCIF; legacy PDB file unavailable (RCSB returned 404),2024-07-17T00:00:00Z,2025-01-08T00:00:00Z,true,true,true,true
P08684,CYP3A4,9COY,X-ray,2.65 A,A=21-503,mmCIF,https://files.rcsb.org/download/9COY.cif,pdbs/CYP3A4/9COY.cif,799059,071018e741b43001027038587b041927c3caa9b66cc8a4c07803f414df23c049,authoritative RCSB mmCIF; legacy PDB file unavailable (RCSB returned 404),2024-07-17T00:00:00Z,2025-01-08T00:00:00Z,true,true,true,true
P08684,CYP3A4,9GK1,X-ray,2.95 A,A=25-503,PDB,https://files.rcsb.org/download/9GK1.pdb,pdbs/CYP3A4/9GK1.pdb,659664,e2ebff705624b4f5b0c66151fbb04b467b8caf1f57386ccd22d7d763edf9742d,authoritative RCSB legacy PDB file,2024-08-23T00:00:00Z,2025-05-07T00:00:00Z,true,true,true,true
P08684,CYP3A4,9MS1,X-ray,3.40 A,A=24-503,mmCIF,https://files.rcsb.org/download/9MS1.cif,pdbs/CYP3A4/9MS1.cif,438000,2729c5dca582f163f42d8d96d22f84fe5443c5e9f2fd94ff54af6eb8f1fc4ccd,authoritative RCSB mmCIF; legacy PDB file unavailable (RCSB returned 404),2025-01-09T00:00:00Z,2025-04-16T00:00:00Z,true,true,true,true
